PULL	P	UH	L
IT	IH	T
UP	AH	P
HANDS	HH	AE	N	D	Z
HANDS(2)	HH	AE	N	Z
NOW	N	AW
OUT	AW	T
THERE	DH	EH	R
WE	W	IY
GO	G	OW
WHAT	W	AH	T
WHAT(2)	HH	W	AH	T
ARE	AA	R
ARE(2)	ER
YOU	Y	UW
DOING	D	UW	IH	NG
POINTING	P	OY	N	T	IH	NG
AT	AE	T
ME	M	IY
HEY	HH	EY
I'LL	AY	L
POINT	P	OY	N	T
TOO	T	UW
LET'S	L	EH	T	S
WASH	W	AA	SH
THAT	DH	AE	T
THAT(2)	DH	AH	T
HAND	HH	AE	N	D
GET	G	EH	T
GET(2)	G	IH	T
A	AH
A(2)	EY
NICE	N	AY	S
NICE(2)	N	IY	S
BABY	B	EY	B	IY
WIPE	W	AY	P
YOUR	Y	AO	R
YOUR(2)	Y	UH	R
HAND'S	HH	AE	N	D	Z
ALL	AO	L
CLEAN	K	L	IY	N
MORGAN	M	AO	R	G	AH	N
YEAH	Y	AE
KICK	K	IH	K
HARD	HH	AA	R	D
OKAY	OW	K	EY
SNAP	S	N	AE	P
SHIRT	SH	ER	T
MORGAN'S	M	AO	R	G	AH	N	Z
ONE	W	AH	N
ONE(2)	HH	W	AH	N
TWO	T	UW
THREE	TH	R	IY
PUT	P	UH	T
PANTS	P	AE	N	T	S
BACK	B	AE	K
ON	AA	N
ON(2)	AO	N
RED	R	EH	D
GONNA	G	AA	N	AH
THROW	TH	R	OW
FEET	F	IY	T
INTO	IH	N	T	UW
INTO(2)	IH	N	T	AH
THOSE	DH	OW	Z
BLESS	B	L	EH	S
AGAIN	AH	G	EH	N
AGAIN(2)	AH	G	EY	N
BIG	B	IH	G
SNEEZE	S	N	IY	Z
GOOD	G	UH	D
GOOD(2)	G	IH	D
GIRL	G	ER	L
DADA	D	AA	D	AA
AND	AH	N	D
AND(2)	AE	N	D
ISN'T	IH	Z	AH	N	T
ISN'T(2)	IH	Z	AH	N
FUN	F	AH	N
TO	T	UW
TO(2)	T	IH
TO(3)	T	AH
HAVE	HH	AE	V
CIRCLE	S	ER	K	AH	L
CAN	K	AE	N
CAN(2)	K	AH	N
THE	DH	AH
THE(2)	DH	IY
ROLLED	R	OW	L	D
AWAY	AH	W	EY
WHAT'S	W	AH	T	S
WHAT'S(2)	HH	W	AH	T	S
THAT'S	DH	AE	T	S
HOUSE	HH	AW	S
SHAPE	SH	EY	P
WATCH	W	AA	CH
WATCH(2)	W	AO	CH
LOOK	L	UH	K
STAR	S	T	AA	R
GOES	G	OW	Z
IN	IH	N
WHERE	W	EH	R
WHERE(2)	HH	W	EH	R
IT'S	IH	T	S
YAY	Y	EY
THEY	DH	EY
HI	HH	AY
MORGIE	M	AO	R	JH	AY
SEE	S	IY
MOMMY	M	AA	M	IY
WASN'T	W	AA	Z	AH	N	T
WASN'T(2)	W	AH	Z	AH	N	T
I	AY
DOES	D	AH	Z
DOES(2)	D	IH	Z
HERE	HH	IY	R
RIGHT	R	AY	T
SCRATCHING	S	K	R	AE	CH	IH	NG
HEAD	HH	EH	D
WITH	W	IH	DH
WITH(2)	W	IH	TH
ITCH	IH	CH
LIKE	L	AY	K
CHECK	CH	EH	K
TAPE	T	EY	P
RECORDER	R	IH	K	AO	R	D	ER
RECORDER(2)	R	IY	K	AO	R	D	ER
WHOOPS	W	UW	P	S
WHOOPS(2)	HH	W	UW	P	S
WRONG	R	AO	NG
POCKET	P	AA	K	AH	T
THIS	DH	IH	S
THING	TH	IH	NG
HAS	HH	AE	Z
HAS(2)	HH	AH	Z
SORTS	S	AO	R	T	S
POCKETS	P	AA	K	AH	T	S
YUP	Y	AH	P
STILL	S	T	IH	L
SOUND	S	AW	N	D
ZIP	Z	IH	P
IS	IH	Z
TRIANGLE	T	R	AY	AE	NG	G	AH	L
YELLOW	Y	EH	L	OW
HOW	HH	AW
HOLE	HH	OW	L
WOW	W	AW
DIDN'T	D	IH	D	AH	N	T
DIDN'T(2)	D	IH	D	N	T
DIDN'T(3)	D	IH	D	AH	N
DIDN'T(4)	D	IH	N	T
FIND	F	AY	N	D
SAY	S	EY
OH	OW
GIVE	G	IH	V
CAN'T	K	AE	N	T
NO	N	OW
STOOD	S	T	UH	D
WWW	D	AH	B	AH	L	Y	UW	D	AH	B	AH	L	Y	UW	W
GOING	G	OW	IH	NG
GOING(2)	G	OW	IH	N
BABE	B	EY	B
DON'T	D	OW	N	T
DON'T(2)	D	OW	N
KNOW	N	OW
EXCITING	IH	K	S	AY	T	IH	NG
TURNING	T	ER	N	IH	NG
AROUND	ER	AW	N	D
AROUND(2)	ER	AW	N
WHY	W	AY
WHY(2)	HH	W	AY
HOLD	HH	OW	L	D
SIT	S	IH	T
DOWN	D	AW	N
LET	L	EH	T
FOUND	F	AW	N	D
ANOTHER	AH	N	AH	DH	ER
PLACE	P	L	EY	S
NOPE	N	OW	P
LUCK	L	AH	K
GOT	G	AA	T
CROSS	K	R	AO	S
UHOH	AH	HH	OW
MORGIE'S	M	AO	R	JH	IY	Z
LAUNDRY	L	AO	N	D	R	IY
HEAR	HH	IY	R
MESS	M	EH	S
DIAPER	D	AY	P	ER
YUMMY	Y	AH	M	IY
DID	D	IH	D
STAND	S	T	AE	N	D
WANNA	W	AA	N	AH
BALL	B	AO	L
WELL	W	EH	L
ROOM	R	UW	M
WALK	W	AO	K
WALK(2)	W	AA	K
OF	AH	V
GATE	G	EY	T
TRY	T	R	AY
TAKE	T	EY	K
SMALLER	S	M	AO	L	ER
STEPS	S	T	EH	P	S
ALRIGHT	AO	L	R	AY	T
WE'RE	W	IY	R
WE'RE(2)	W	IH	R
WE'RE(3)	W	ER
MOVING	M	UW	V	IH	NG
AREN'T	AA	R	AH	N	T
AREN'T(2)	AA	R	N	T
YES	Y	EH	S
ONTO	AA	N	T	UW
ONTO(2)	AO	N	T	UW
MOMMY'S	M	AA	M	IY	Z
TURN	T	ER	N
LIGHT	L	AY	T
BOOK	B	UH	K
PICTURE	P	IH	K	CH	ER
AN	AE	N
AN(2)	AH	N
UMBRELLA	AH	M	B	R	EH	L	AH
USE	Y	UW	S
USE(2)	Y	UW	Z
STAY	S	T	EY
DRY	D	R	AY
WHEN	W	EH	N
WHEN(2)	HH	W	EH	N
WHEN(3)	W	IH	N
WHEN(4)	HH	W	IH	N
RAINS	R	EY	N	Z
DO	D	UW
SORRY	S	AA	R	IY
TALKING	T	AO	K	IH	NG
ABOUT	AH	B	AW	T
THESE	DH	IY	Z
BOOKS	B	UH	K	S
TASTY	T	EY	S	T	IY
HUH	HH	AH
MORE	M	AO	R
CARDS	K	AA	R	D	Z
CARD	K	AA	R	D
BOOM	B	UW	M
ICE	AY	S
CREAM	K	R	IY	M
CONE	K	OW	N
MUST	M	AH	S	T
BE	B	IY
RASPBERRY	R	AE	Z	B	EH	R	IY
CLAP	K	L	AE	P
OPEN	OW	P	AH	N
MANY	M	EH	N	IY
WAYS	W	EY	Z
CUT	K	AH	T
PIE	P	AY
LOOKEE	L	UH	K	IY
THERE'S	DH	EH	R	Z
LITTLE	L	IH	T	AH	L
BOY	B	OY
HE'S	HH	IY	Z
READING	R	IY	D	IH	NG
READING(2)	R	EH	D	IH	NG
JUST	JH	AH	S	T
JUST(2)	JH	IH	S	T
NOT	N	AA	T
INTERESTED	IH	N	T	AH	R	EH	S	T	IH	D
YOU'RE	Y	UH	R
YOU'RE(2)	Y	UW	R
CAT	K	AE	T
SAMMY	S	AE	M	IY
SPUD	S	P	AH	D
KITTIES	K	IH	T	IY	Z
CATS	K	AE	T	S
PRETTY	P	R	IH	T	IY
VERY	V	EH	R	IY
LICK	L	IH	K
CAT'S	K	AE	T	S
NOSE	N	OW	Z
WHOA	W	OW
WHOA(2)	HH	W	OW
WHOA(3)	HH	OW
SCARE	S	K	EH	R
BASKETBALL	B	AE	S	K	AH	T	B	AO	L
GOAL	G	OW	L
LOVES	L	AH	V	Z
PLAY	P	L	EY
BASKET	B	AE	S	K	AH	T
OTHER	AH	DH	ER
SILLY	S	IH	L	IY
DROPPING	D	R	AA	P	IH	NG
RELAX	R	IH	L	AE	K	S
RELAX(2)	R	IY	L	AE	K	S
TIME	T	AY	M
SITTING	S	IH	T	IH	NG
OFF	AO	F
CATCH	K	AE	CH
MISSED	M	IH	S	T
FROM	F	R	AH	M
SIX	S	IH	K	S
INCHES	IH	N	CH	AH	Z
INCHES(2)	IH	N	CH	IH	Z
BOTH	B	OW	TH
TAKING	T	EY	K	IH	NG
NEED	N	IY	D
THEY'RE	DH	EH	R
KIND	K	AY	N	D
BALLS	B	AO	L	Z
MAX	M	AE	K	S
STUFFED	S	T	AH	F	T
ANIMAL	AE	N	AH	M	AH	L
HE	HH	IY
ANYTHING	EH	N	IY	TH	IH	NG
SITS	S	IH	T	S
WHATCHA	W	AA	CH	AH
HIT	HH	IH	T
WANT	W	AA	N	T
WANT(2)	W	AO	N	T
MAX'S	M	AE	K	S	IH	Z
QUITE	K	W	AY	T
NOSED	N	OW	Z	D
MOOSE	M	UW	S
GRABBED	G	R	AE	B	D
BY	B	AY
TOE	T	OW
DRAGGED	D	R	AE	G	D
HIM	HH	IH	M
HIM(2)	IH	M
OVER	OW	V	ER
IF	IH	F
REACH	R	IY	CH
BUT	B	AH	T
SO	S	OW
FUNNY	F	AH	N	IY
THEM	DH	EH	M
THEM(2)	DH	AH	M
I'M	AY	M
I'M(2)	AH	M
COME	K	AH	M
WILL	W	IH	L
WILL(2)	W	AH	L
HUG	HH	AH	G
HIS	HH	IH	Z
CORNER	K	AO	R	N	ER
SHE	SH	IY
XXX	EH	K	S	EH	K	S	Z
OPENING	OW	P	AH	N	IH	NG
MOUTH	M	AW	TH
FIT	F	IH	T
WENT	W	EH	N	T
THROUGH	TH	R	UW
MIDDLE	M	IH	D	AH	L
ALMOST	AO	L	M	OW	S	T
HAD	HH	AE	D
NOISE	N	OY	Z
PHONE	F	OW	N
PHONE'S	F	OW	N	Z
RINGING	R	IH	NG	IH	NG
WHO'S	HH	UW	Z
FOR	F	AO	R
FOR(2)	F	ER
FOR(3)	F	R	ER
ENDLESSLY	EH	N	D	L	AH	S	L	IY
ENTERTAINING	EH	N	T	ER	T	EY	N	IH	NG
ENTERTAINING(2)	EH	N	ER	T	EY	N	IH	NG
HOW'D	HH	AW	D
EXCITED	IH	K	S	AY	T	AH	D
EXCITED(2)	IH	K	S	AY	T	IH	D
MUCH	M	AH	CH
EASIER	IY	Z	IY	ER
SHORT	SH	AO	R	T
HAPPEN	HH	AE	P	AH	N
THINK	TH	IH	NG	K
HERE'S	HH	IH	R	Z
FALL	F	AO	L
FALL(2)	F	AA	L
WHOLE	HH	OW	L
ENOUGH	IH	N	AH	F
ENOUGH(2)	IY	N	AH	F
MIRROR	M	IH	R	ER
CLOWN	K	L	AW	N
SEAL	S	IY	L
SEAL'S	S	IY	L	Z
BOUNCING	B	AW	N	S	IH	NG
OR	AO	R
OR(2)	ER
SOMETHING	S	AH	M	TH	IH	NG
CHEW	CH	UW
LOOKS	L	UH	K	S
COOKIE	K	UH	K	IY
ONLY	OW	N	L	IY
WHERE'S	W	EH	R	Z
WHERE'S(2)	HH	W	EH	R	Z
PEEKABOO	P	IY	K	AH	B	UW
WHAT'D	W	AH	T	IH	D
WHAT'D(2)	HH	W	AH	T	IH	D
TURNED	T	ER	N	D
SAT	S	AE	T
CHILLY	CH	IH	L	IY
MICROPHONE	M	AY	K	R	AH	F	OW	N
GETTING	G	EH	T	IH	NG
GETTING(2)	G	IH	T	IH	NG
WAY	W	EY
THOUGH	DH	OW
THEN	DH	EH	N
GREEN	G	R	IY	N
UHHUH	AH	HH	UW
BLUE	B	L	UW
BOUNCE	B	AW	N	S
NEAT	N	IY	T
ZIPPER	Z	IH	P	ER
TOY	T	OY
LAYING	L	EY	IH	NG
FAR	F	AA	R
WHICH	W	IH	CH
WHICH(2)	HH	W	IH	CH
PICK	P	IH	K
THAN	DH	AE	N
THAN(2)	DH	AH	N
CLIMB	K	L	AY	M
CLIMBING	K	L	AY	M	IH	NG
SOMERSAULT	S	AH	M	ER	S	AO	L	T
CLIMBER	K	L	AY	M	ER
REALLY	R	IH	L	IY
REALLY(2)	R	IY	L	IY
FILLING	F	IH	L	IH	NG
CHANGE	CH	EY	N	JH
GOTTA	G	AA	T	AH
BALMEX	B	AE	L	M	AH	K	S
DOWNSTAIRS	D	AW	N	S	T	EH	R	Z
HEAVY	HH	EH	V	IY
BRISCO	B	R	IY	S	K	OW
DADDY	D	AE	D	IY
BUTT	B	AH	T
BRISCO'S	B	R	IY	S	K	OW	Z
WANTS	W	AA	N	T	S
WANTS(2)	W	AO	N	T	S
DOGGY'S	D	AO	G	IY	Z
DOGGY	D	AO	G	IY
CHASE	CH	EY	S
BYEBYE	B	AY	AH	B	AY
CHEWING	CH	UW	IH	NG
THUMB	TH	AH	M
SEVEN	S	EH	V	AH	N
EAT	IY	T
STAIRS	S	T	EH	R	Z
LOCK	L	AA	K
GROUND	G	R	AW	N	D
WHILE	W	AY	L
WHILE(2)	HH	W	AY	L
LOCKS	L	AA	K	S
SHUT	SH	AH	T
BAD	B	AE	D
MESSED	M	EH	S	T
KICKING	K	IH	K	IH	NG
TICKLE	T	IH	K	AH	L
SNAPS	S	N	AE	P	S
UNSNAPPED	AH	N	S	N	AE	P	T
ACTUALLY	AE	K	CH	UW	AH	L	IY
ACTUALLY(2)	AE	K	CH	L	IY
ACTUALLY(3)	AE	K	SH	AH	L	IY
ANYWHERE	EH	N	IY	W	EH	R
ANYWHERE(2)	EH	N	IY	HH	W	EH	R
SOCK	S	AA	K
KEEP	K	IY	P
KEEPS	K	IY	P	S
HER	HH	ER
MESSY	M	EH	S	IY
WET	W	EH	T
RASH	R	AE	SH
PROBABLY	P	R	AA	B	AH	B	L	IY
DOESN'T	D	AH	Z	AH	N	T
DOESN'T(2)	D	AH	Z	AH	N
FEEL	F	IY	L
KICKED	K	IH	K	T
MAKE	M	EY	K
BETTER	B	EH	T	ER
SSH	EH	S	EH	S
FOOT	F	UH	T
TOES	T	OW	Z
HEELS	HH	IY	L	Z
ARCHES	AA	R	CH	AH	Z
ARCHES(2)	AA	R	CH	IH	Z
CHANGED	CH	EY	N	JH	D
YOU'VE	Y	UW	V
PIECE	P	IY	S
PAPER	P	EY	P	ER
PIECES	P	IY	S	AH	Z
PIECES(2)	P	IY	S	IH	Z
PAPERS	P	EY	P	ER	Z
TEE	T	IY
SHIRTS	SH	ER	T	S
SNAPPED	S	N	AE	P	T
TIRED	T	AY	ER	D
NAP	N	AE	P
SWEETIE	S	W	IY	T	IY
PUTTING	P	AH	T	IH	NG
PUTTING(2)	P	UH	T	IH	NG
SOCKS	S	AA	K	S
LEFT	L	EH	F	T
DRESSED	D	R	EH	S	T
RUNNING	R	AH	N	IH	NG
LAY	L	EY
PILE	P	AY	L
OVAL	OW	V	AH	L
EGG	EH	G
HOT	HH	AA	T
COLD	K	OW	L	D
KISSIE	K	IH	S	IY
SQUARE	S	K	W	EH	R
CLAPPING	K	L	AE	P	IH	NG
DROPPED	D	R	AA	P	T
SHAPES	SH	EY	P	S
FOLD	F	OW	L	D
CLOSE	K	L	OW	S
CLOSE(2)	K	L	OW	Z
OVERALLS	OW	V	ER	AO	L	Z
POUTY	P	AW	T	IY
FACE	F	EY	S
PUNCH	P	AH	N	CH
CHIN	CH	IH	N
DROP	D	R	AA	P
DROP(2)	D	R	AO	P
DESK	D	EH	S	K
SOME	S	AH	M
GRAY	G	R	EY
GIVING	G	IH	V	IH	NG
PLAYING	P	L	EY	IH	NG
BLOCKS	B	L	AA	K	S
HAVING	HH	AE	V	IH	NG
TROUBLE	T	R	AH	B	AH	L
PINK	P	IH	NG	K
PURPLE	P	ER	P	AH	L
FLOWERS	F	L	AW	ER	Z
LEAVES	L	IY	V	Z
WIPES	W	AY	P	S
BOX	B	AA	K	S
TRYING	T	R	AY	IH	NG
TRYING(2)	T	R	AY	NG
BELONG	B	IH	L	AO	NG
IT'LL	IH	T	AH	L
IT'LL(2)	IH	T	L
THAT'LL	DH	AE	T	AH	L
WAVING	W	EY	V	IH	NG
SHAKE	SH	EY	K
BIT	B	IH	T
DIAPERS	D	AY	AH	P	ER	Z
DIAPERS(2)	D	AY	P	ER	Z
GIRLS	G	ER	L	Z
EVEN	IY	V	IH	N
FOLLOW	F	AA	L	OW
FINE	F	AY	N
ENERGY	EH	N	ER	JH	IY
NEEDED	N	IY	D	AH	D
NEEDED(2)	N	IY	D	IH	D
CRAWL	K	R	AO	L
CUTE	K	Y	UW	T
TRICK	T	R	IH	K
PILLOW	P	IH	L	OW
SET	S	EH	T
MOVE	M	UW	V
SUCH	S	AH	CH
FAST	F	AE	S	T
STEER	S	T	IH	R
CLOSET	K	L	AA	Z	AH	T
HELP	HH	EH	L	P
LEAVE	L	IY	V
ALONG	AH	L	AO	NG
HAPPENS	HH	AE	P	AH	N	Z
STUCK	S	T	AH	K
BATH	B	AE	TH
START	S	T	AA	R	T
FORGET	F	ER	G	EH	T
FORGET(2)	F	AO	R	G	EH	T
PUSHING	P	UH	SH	IH	NG
WAS	W	AA	Z
BRING	B	R	IH	NG
MOM	M	AA	M
POKE	P	OW	K
EYE	AY
OW	OW
OW(2)	AW
GENTLE	JH	EH	N	T	AH	L
GENTLE(2)	JH	EH	N	AH	L
LAYED	L	EY	D
READY	R	EH	D	IY
DINNER	D	IH	N	ER
PULLED	P	UH	L	D
HAIR	HH	EH	R
SHOULD	SH	UH	D
YOURSELF	Y	ER	S	EH	L	F
YOURSELF(2)	Y	UH	R	S	EH	L	F
YOURSELF(3)	Y	AO	R	S	EH	L	F
HUNGRY	HH	AH	NG	G	R	IY
TOYS	T	OY	Z
SINGING	S	IH	NG	IH	NG
DANCING	D	AE	N	S	IH	NG
CLOTH	K	L	AO	TH
MY	M	AY
MOMMY'LL	M	AA	M	IY	L
STANDING	S	T	AE	N	D	IH	NG
PLOW	P	L	AW
FEETS	F	IY	T	S
UNDO	AH	N	D	UW
GATE'S	G	EY	TS
UNDONE	AH	N	D	AH	N
WALKER	W	AO	K	ER
DISHES	D	IH	SH	AH	Z
DISHES(2)	D	IH	SH	IH	Z
BAG	B	AE	G
WE'LL	W	IY	L
WE'LL(2)	W	IH	L
FOOD	F	UW	D
TOMORROW	T	AH	M	AA	R	OW
TOMORROW(2)	T	UW	M	AA	R	OW
STUFF	S	T	AH	F
PACIFIER	P	AE	S	AH	F	AY	ER
SPOON	S	P	UW	N
CHEWY	CH	UW	IY
LID	L	IH	D
CUP	K	AH	P
BOWL	B	OW	L
CEREAL	S	IH	R	IY	AH	L
OATS	OW	T	S
BREAKFAST	B	R	EH	K	F	AH	S	T
SHOULDN'T	SH	UH	D	AH	N	T
FIREPLACE	F	AY	ER	P	L	EY	S
PLUMS	P	L	AH	M	Z
APPLES	AE	P	AH	L	Z
CHICKEN	CH	IH	K	AH	N
RICE	R	AY	S
TONIGHT	T	AH	N	AY	T
TONIGHT(2)	T	UW	N	AY	T
WATER	W	AO	T	ER
PEAS	P	IY	Z
CARROTS	K	AE	R	AH	T	S
CARROTS(2)	K	EH	R	AH	T	S
SQUASH	S	K	W	AA	SH
MAYBE	M	EY	B	IY
APPLESAUCE	AE	P	AH	L	S	AO	S
LATER	L	EY	T	ER
WARM	W	AO	R	M
JAR	JH	AA	R
WON'T	W	OW	N	T
UPSTAIRS	AH	P	S	T	EH	R	Z
COMPUTER	K	AH	M	P	Y	UW	T	ER
CHAIR	CH	EH	R
STRAPPED	S	T	R	AE	P	T
FIRE	F	AY	ER
FIRE(2)	F	AY	R
COMES	K	AH	M	Z
HEARS	HH	IY	R	Z
SQUASHIE	S	K	W	AA	SH	IY
SQUASHIES	S	K	W	AA	SH	IY	Z
MM	EH	M
BIB	B	IH	B
FORGOT	F	ER	G	AA	T
FORGOT(2)	F	AO	R	G	AA	T
EATING	IY	T	IH	NG
BUTTERNUT	B	AH	T	ER	N	AH	T
COLOR	K	AH	L	ER
COLOR(2)	K	AO	L	ER
ORANGISH	AO	R	IH	N	JH	IH	SH
TANISH	T	AE	N	IH	SH
LID'S	L	IH	D	Z
TIGHT	T	AY	T
SHOE	SH	UW
HERS	HH	ER	Z
OUR	AW	ER
OUR(2)	AW	R
OUR(3)	AA	R
DOLLIE	D	AA	L	IY
TOGETHER	T	AH	G	EH	DH	ER
SHOES	SH	UW	Z
DADDY'S	D	AE	D	IY	Z
OOPS	UW	P	S
COAT	K	OW	T
NEXT	N	EH	K	S	T
NEXT(2)	N	EH	K	S
TIE	T	AY
GOLDFISH	G	OW	L	D	F	IH	SH
CRUNCHY	K	R	AH	N	CH	IY
YUM	Y	AH	M
BONES	B	OW	N	Z
DOG'S	D	AO	G	Z
STEAL	S	T	IY	L
DOLL	D	AA	L
SURE	SH	UH	R
CHECKBOOK	CH	EH	K	B	UH	K
DOG	D	AO	G
TRIP	T	R	IH	P
RADIO	R	EY	D	IY	OW
FREDDY	F	R	EH	D	IY
DRIVEWAY	D	R	AY	V	W	EY
WITHOUT	W	IH	TH	AW	T
WITHOUT(2)	W	IH	DH	AW	T
DARK	D	AA	R	K
TALK	T	AO	K
HURT	HH	ER	T
BITE	B	AY	T
WINDSHIELD	W	IH	N	D	SH	IY	L	D
WIPERS	W	AY	P	ER	Z
LOUD	L	AW	D
LIST	L	IH	S	T
WAIT	W	EY	T
CARS	K	AA	R	Z
CARS(2)	K	AA	Z
DOLLIE'S	D	AA	L	IY	Z
LAUGH	L	AE	F
RAIN	R	EY	N
SOUNDS	S	AW	N	D	Z
SOUNDS(2)	S	AW	N	Z
SLEET	S	L	IY	T
DRIVE	D	R	AY	V
SLOW	S	L	OW
FIRST	F	ER	S	T
BRIDGE	B	R	IH	JH
ASLEEP	AH	S	L	IY	P
SECOND	S	EH	K	AH	N	D
SLEEP	S	L	IY	P
LATE	L	EY	T
INTERESTING	IH	N	T	AH	R	EH	S	T	IH	NG
LAUGHING	L	AE	F	IH	NG
THINKS	TH	IH	NG	K	S
SOMETHING'S	S	AH	M	TH	IH	NG	Z
FACT	F	AE	K	T
BITING	B	AY	T	IH	NG
TOP	T	AA	P
TOP(2)	T	AO	P
MINUTE	M	IH	N	AH	T
MINUTE(2)	M	AY	N	UW	T
MINUTE(3)	M	AY	N	Y	UW	T
CAR	K	AA	R
SEAT	S	IY	T
BOTTLE	B	AA	T	AH	L
JUICE	JH	UW	S
HOME	HH	OW	M
SNACK	S	N	AE	K
PEOPLE	P	IY	P	AH	L
USUALLY	Y	UW	ZH	AH	W	AH	L	IY
USUALLY(2)	Y	UW	ZH	AH	L	IY
SCREAMING	S	K	R	IY	M	IH	NG
WOULDN'T	W	UH	D	AH	N	T
HELLO	HH	AH	L	OW
HELLO(2)	HH	EH	L	OW
DOOR	D	AO	R
HAT	HH	AE	T
WERE	W	ER
FEW	F	Y	UW
MINUTES	M	IH	N	AH	T	S
LOSE	L	UW	Z
SHOELESS	SH	UW	L	AH	S
UNZIP	AH	N	Z	IH	P
ORANGES	AO	R	AH	N	JH	AH	Z
ORANGES(2)	AO	R	IH	N	JH	IH	Z
COUPLE	K	AH	P	AH	L
LEAVING	L	IY	V	IH	NG
RIDING	R	AY	D	IH	NG
SELF	S	EH	L	F
TANGERINES	T	AE	N	JH	ER	IY	N	Z
WHATEVER	W	AH	T	EH	V	ER
WHATEVER(2)	HH	W	AH	T	EH	V	ER
FOUR	F	AO	R
FIVE	F	AY	V
PEARS	P	EH	R	Z
WANTED	W	AO	N	T	IH	D
LEAF	L	IY	F
LETTUCE	L	EH	T	AH	S
CUCUMBER	K	Y	UW	K	AH	M	B	ER
PEPPER	P	EH	P	ER
GROW	G	R	OW
OWN	OW	N
PEPPERS	P	EH	P	ER	Z
BUY	B	AY
GROCERY	G	R	OW	S	ER	IY
GROCERY(2)	G	R	OW	S	R	IY
STORE	S	T	AO	R
SAYING	S	EY	IH	NG
APPLE	AE	P	AH	L
YET	Y	EH	T
SWEET	S	W	IY	T
POTATOS	P	AH	T	EY	T	OW	Z
BAGS	B	AE	G	Z
SUPPOSED	S	AH	P	OW	Z	D
COOKED	K	UH	K	T
SALAD	S	AE	L	AH	D
MIX	M	IH	K	S
EUROPEAN	Y	UH	R	AH	P	IY	AH	N
MAYONNAISE	M	EY	AH	N	EY	Z
DRESSING	D	R	EH	S	IH	NG
ANY	EH	N	IY
MUSTARD	M	AH	S	T	ER	D
KETCHUP	K	EH	CH	AH	P
VINEGAR	V	IH	N	AH	G	ER
PICKLES	P	IH	K	AH	L	Z
PICKLE	P	IH	K	AH	L
TUNA	T	UW	N	AH
FISH	F	IH	SH
CHIPS	CH	IH	P	S
SANDWICH	S	AE	N	D	W	IH	CH
SANDWICH(2)	S	AE	N	W	IH	CH
SANDWICH(3)	S	AE	M	W	IH	CH
MEAT	M	IY	T
CANDY	K	AE	N	D	IY
CEREALS	S	IH	R	IY	AH	L	Z
LOT'S	L	AA	T	S
DIET	D	AY	AH	T
DRINKS	D	R	IH	NG	K	S
NONE	N	AH	N
BEANS	B	IY	N	Z
NORMAL	N	AO	R	M	AH	L
LOOKING	L	UH	K	IH	NG
CORN	K	AO	R	N
BEETS	B	IY	T	S
LIMA	L	AY	M	AH
LIMA(2)	L	IY	M	AH
OCTOBER	AA	K	T	OW	B	ER
PINTO	P	IH	N	T	OW
CRANBERRY	K	R	AE	N	B	EH	R	IY
AISLE	AY	L
AISLE(2)	AY	AH	L
CAKE	K	EY	K
EITHER	IY	DH	ER
EITHER(2)	AY	DH	ER
RAISINS	R	EY	Z	AH	N	Z
RAISINS(2)	R	EY	Z	IH	N	Z
FLOWER	F	L	AW	ER
COOKIES	K	UH	K	IY	Z
EXPLORE	IH	K	S	P	L	AO	R
OPTIONS	AA	P	SH	AH	N	Z
OPTIONS(2)	AO	P	SH	AH	N	Z
COULD	K	UH	D
EXPENSIVE	IH	K	S	P	EH	N	S	IH	V
NECESSARY	N	EH	S	AH	S	EH	R	IY
WORKS	W	ER	K	S
PEPSI	P	EH	P	S	IY
CRACKERS	K	R	AE	K	ER	Z
FRUIT	F	R	UW	T
TURKEY	T	ER	K	IY
VEGETABLE	V	EH	JH	T	AH	B	AH	L
HAM	HH	AE	M
TAPIOCA	T	EY	P	IY	AH	K	AH
GERBER	G	ER	B	ER
CHOICES	CH	OY	S	AH	Z
CHOICES(2)	CH	OY	S	IH	Z
TODAY	T	AH	D	EY
TODAY(2)	T	UW	D	EY
BANANAS	B	AH	N	AE	N	AH	Z
PEACHES	P	IY	CH	AH	Z
PEACHES(2)	P	IY	CH	IH	Z
BLUEBERRY	B	L	UW	B	EH	R	IY
SHOPPING	SH	AA	P	IH	NG
CART	K	AA	R	T
JUICES	JH	UW	S	AH	Z
JUICES(2)	JH	UW	S	IH	Z
FORMULA	F	AO	R	M	Y	AH	L	AH
WONDER	W	AH	N	D	ER
DIFFERENT	D	IH	F	ER	AH	N	T
DIFFERENT(2)	D	IH	F	R	AH	N	T
PRICE	P	R	AY	S
WE'VE	W	IY	V
PLENTY	P	L	EH	N	T	IY
PLENTY(2)	P	L	EH	N	IY
WISH	W	IH	SH
DETERGENT	D	IH	T	ER	JH	AH	N	T
KITTY	K	IH	T	IY
LITTER	L	IH	T	ER
LOAF	L	OW	F
BREAD	B	R	EH	D
WHEAT	W	IY	T
WHEAT(2)	HH	W	IY	T
DONE	D	AH	N
FROZEN	F	R	OW	Z	AH	N
CHEESE	CH	IY	Z
SOUR	S	AW	ER
SOUR(2)	S	AW	R
REMINDS	R	IY	M	AY	N	D	Z
SALSA	S	AA	L	S	AH
CHECKOUT	CH	EH	K	AW	T
MILK	M	IH	L	K
PERCENT	P	ER	S	EH	N	T
MAMA	M	AA	M	AH
HALF	HH	AE	F
WOULD	W	UH	D
BRIAN	B	R	AY	AH	N
CALL	K	AO	L
LINE	L	AY	N
CHICHI'S	CH	IY	CH	IY	Z
MEDIUM	M	IY	D	IY	AH	M
LICKING	L	IH	K	IH	NG
LIPS	L	IH	P	S
SWEETHEART	S	W	IY	T	HH	AA	R	T
HOPE	HH	OW	P
EVERYTHING	EH	V	R	IY	TH	IH	NG
WHO	HH	UW
TOOK	T	UH	K
THEY'LL	DH	EH	L
REGISTER	R	EH	JH	IH	S	T	ER
EXPRESS	IH	K	S	P	R	EH	S
BUSY	B	IH	Z	IY
GROCERIES	G	R	OW	S	ER	IY	Z
GROCERIES(2)	G	R	OW	S	R	IY	Z
GUM	G	AH	M
PACK	P	AE	K
BALLOONS	B	AH	L	UW	N	Z
DADA'S	D	AA	D	AA	Z
LIFESAVERS	L	AY	F	S	EY	V	ER	Z
SOMEONE	S	AH	M	W	AH	N
SMILING	S	M	AY	L	IH	NG
WAVE	W	EY	V
SOMEBODY	S	AH	M	B	AA	D	IY
SOMEBODY(2)	S	AH	M	B	AH	D	IY
ELSE	EH	L	S
PAYING	P	EY	IH	NG
ATTENTION	AH	T	EH	N	SH	AH	N
WRITE	R	AY	T
LEAST	L	IY	S	T
BYE	B	AY
RAINING	R	EY	N	IH	NG
PIGLET	P	IH	G	L	IH	T
ATE	EY	T
REARRANGE	R	IY	ER	EY	N	JH
FEEDING	F	IY	D	IH	NG
SCHEDULE	S	K	EH	JH	UH	L
SCHEDULE(2)	S	K	EH	JH	UW	L
UNSTRAP	AH	N	S	T	R	AE	P
FIGURES	F	IH	G	Y	ER	Z
NEARLY	N	IH	R	L	IY
AS	AE	Z
AS(2)	EH	Z
WIND	W	AY	N	D
WIND(2)	W	IH	N	D
SIDE	S	AY	D
RECORDING	R	AH	K	AO	R	D	IH	NG
RECORDING(2)	R	IH	K	AO	R	D	IH	NG
YEP	Y	EH	P
BELT	B	EH	L	T
WEAR	W	EH	R
DEAL	D	IY	L
CAUGHT	K	AA	T
CAUGHT(2)	K	AO	T
UNDER	AH	N	D	ER
EVERYBODY'S	EH	V	R	IY	B	AA	D	IY	Z
WEARING	W	EH	R	IH	NG
THEIR	DH	EH	R
HOUR	AW	ER
HOUR(2)	AW	R
EIGHT	EY	T
O'CLOCK	AH	K	L	AA	K
BED	B	EH	D
UNTIL	AH	N	T	IH	L
GAMES	G	EY	M	Z
READ	R	EH	D
READ(2)	R	IY	D
JAMMIES	JH	AE	M	IY	Z
SLIP	S	L	IH	P
CRANKY	K	R	AE	NG	K	IY
FINGER	F	IH	NG	G	ER
TRAFFIC	T	R	AE	F	IH	K
STRAIGHT	S	T	R	EY	T
GUY'S	G	AY	Z
COMING	K	AH	M	IH	NG
QUICK	K	W	IH	K
BEHIND	B	IH	HH	AY	N	D
US	AH	S
US(2)	Y	UW	EH	S
ROAD	R	OW	D
LESS	L	EH	S
PROMISE	P	R	AA	M	AH	S
CLOCK	K	L	AA	K
SAYS	S	EH	Z
SAYS(2)	S	IH	Z
BEFORE	B	IH	F	AO	R
BEFORE(2)	B	IY	F	AO	R
STREETLIGHT	S	T	R	IY	T	L	AY	T
OUTSIDE	AW	T	S	AY	D
DOGGIE	D	AO	G	IY
GONE	G	AO	N
INSIDE	IH	N	S	AY	D
PROBLEM	P	R	AA	B	L	AH	M
FLIP	F	L	IH	P
HANDLE	HH	AE	N	D	AH	L
CARRY	K	AE	R	IY
CARRY(2)	K	EH	R	IY
CRUNCH	K	R	AH	N	CH
ICY	AY	S	IY
SIDEWALK	S	AY	D	W	AO	K
FELL	F	EH	L
TICKLING	T	IH	K	L	IH	NG
BEING	B	IY	IH	NG
LOCKED	L	AA	K	T
HIMSELF	HH	IH	M	S	EH	L	F
WORRY	W	ER	IY
ORANGE	AO	R	AH	N	JH
ORANGE(2)	AO	R	IH	N	JH
ANYWAY	EH	N	IY	W	EY
PUMPKIN	P	AH	M	P	K	IH	N
PUMPKIN(2)	P	AH	M	K	IH	N
REMEMBER	R	IH	M	EH	M	B	ER
REMEMBER(2)	R	IY	M	EH	M	B	ER
PUMPKINS	P	AH	M	P	K	AH	N	Z
PUMPKINS(2)	P	AH	M	K	AH	N	Z
QUIT	K	W	IH	T
WATCHING	W	AA	CH	IH	NG
BITTER	B	IH	T	ER
PEACH	P	IY	CH
RUN	R	AH	N
SHOVELING	SH	AH	V	L	IH	NG
GAME	G	EY	M
BITES	B	AY	T	S
KITCHEN	K	IH	CH	AH	N
HEARD	HH	ER	D
CALLING	K	AO	L	IH	NG
YELLING	Y	EH	L	IH	NG
BANANA	B	AH	N	AE	N	AH
CLOTHES	K	L	OW	DH	Z
CLOTHES(2)	K	L	OW	Z
SLEEPER	S	L	IY	P	ER
SQUIRRELS	S	K	W	ER	AH	L	Z
PAIR	P	EH	R
TRAIN	T	R	EY	N
CHOO	CH	UW
PANDA	P	AE	N	D	AH
BEAR	B	EH	R
KNOCKED	N	AA	K	T
SUNG	S	AH	NG
KLEENEX	K	L	IY	N	AH	K	S
TABLE	T	EY	B	AH	L
JARS	JH	AA	R	Z
TAKES	T	EY	K	S
COUGH	K	AA	F
COUGH(2)	K	AO	F
DIRTY	D	ER	T	IY
WATER'S	W	AO	T	ER	Z
SOAP	S	OW	P
SWEATSHIRT	S	W	EH	T	SH	ER	T
WIRES	W	AY	ER	Z
WIRES(2)	W	AY	R	Z
LOOSE	L	UW	S
GIRAFFES	JH	ER	AE	F	S
AFTER	AE	F	T	ER
STEP	S	T	EH	P
NICELY	N	AY	S	L	IY
IDEA	AY	D	IY	AH
JUMP	JH	AH	M	P
ITSELF	IH	T	S	EH	L	F
DAY	D	EY
MADE	M	EY	D
POINTS	P	OY	N	T	S
AHEAD	AH	HH	EH	D
NUMBER	N	AH	M	B	ER
PEOPLE'S	P	IY	P	AH	L	Z
HEADS	HH	EH	D	Z
MISSING	M	IH	S	IH	NG
GLASSES	G	L	AE	S	AH	Z
GLASSES(2)	G	L	AE	S	IH	Z
SAID	S	EH	D
MICHAEL'S	M	AY	K	AH	L	Z
ASKING	AE	S	K	IH	NG
MICHAEL	M	AY	K	AH	L
RADIATOR	R	EY	D	IY	EY	T	ER
LISTEN	L	IH	S	AH	N
DANCE	D	AE	N	S
SHADOW	SH	AE	D	OW
SHAPED	SH	EY	P	T
MUSIC	M	Y	UW	Z	IH	K
PUSH	P	UH	SH
ACROSS	AH	K	R	AO	S
DISH	D	IH	SH
RAG	R	AE	G
FUSSY	F	AH	S	IY
MAKING	M	EY	K	IH	NG
FACES	F	EY	S	AH	Z
FACES(2)	F	EY	S	IH	Z
TONGUE	T	AH	NG
HOLDING	HH	OW	L	D	IH	NG
TELL	T	EH	L
WHOSE	HH	UW	Z
BELONGS	B	IH	L	AO	NG	Z
PRACTICALLY	P	R	AE	K	T	IH	K	AH	L	IY
JOGGING	JH	AA	G	IH	NG
JOGGING(2)	JH	AO	G	IH	NG
SOMETIME	S	AH	M	T	AY	M
EVER	EH	V	ER
NET	N	EH	T
BANG	B	AE	NG
AGAINST	AH	G	EH	N	S	T
AGAINST(2)	AH	G	EY	N	S	T
WALL	W	AO	L
PLEASE	P	L	IY	Z
BARKING	B	AA	R	K	IH	NG
BANGING	B	AE	NG	IH	NG
CRY	K	R	AY
GUESS	G	EH	S
CARDBOARD	K	AA	R	D	B	AO	R	D
CERTAINLY	S	ER	T	AH	N	L	IY
DRAWER	D	R	AO	R
LATELY	L	EY	T	L	IY
THINGS	TH	IH	NG	Z
HIDE	HH	AY	D
DRINK	D	R	IH	NG	K
THIRSTY	TH	ER	S	T	IY
DRINKING	D	R	IH	NG	K	IH	NG
BET	B	EH	T
NEW	N	UW
NEW(2)	N	Y	UW
UNTAPE	AH	N	T	EY	P
OLD	OW	L	D
PEEING	P	IY	IH	NG
RIVERS	R	IH	V	ER	Z
LEG	L	EH	G
CLOSED	K	L	OW	Z	D
ADVENTURE	AE	D	V	EH	N	CH	ER
ADVENTURE(2)	AH	D	V	EH	N	CH	ER
UNDERSTAND	AH	N	D	ER	S	T	AE	N	D
WHEE	W	IY
DUCKIE	D	AH	K	IY
BUILT	B	IH	L	T
DUCK	D	AH	K
BLOW	B	L	OW
SNOT	S	N	AO	T
POURING	P	AO	R	IH	NG
THROAT	TH	R	OW	T
SEEMS	S	IY	M	Z
WORKING	W	ER	K	IH	NG
FLOOR'S	F	L	AO	R	Z
BONE	B	OW	N
CARE	K	EH	R
MATCHES	M	AE	CH	AH	Z
MATCHES(2)	M	AE	CH	IH	Z
WHITE	W	AY	T
WHITE(2)	HH	W	AY	T
GOODBYE	G	UH	D	B	AY
RUNS	R	AH	N	Z
KNOCK	N	AA	K
LAP	L	AE	P
HATE	HH	EY	T
SMALL	S	M	AO	L
NECK	N	EH	K
HOLES	HH	OW	L	Z
FULL	F	UH	L
TUB	T	AH	B
INSTEAD	IH	N	S	T	EH	D
WASHCLOTH	W	AA	SH	K	L	AO	TH
WRITES	R	AY	T	S
SUCK	S	AH	K
STINKS	S	T	IH	NG	K	S
MESSING	M	EH	S	IH	NG
EVERYWHERE	EH	V	R	IY	W	EH	R
EVERYWHERE(2)	EH	V	R	IY	HH	W	EH	R
MAN	M	AE	N
EYEBALL	AY	B	AO	L
ANYMORE	EH	N	IY	M	AO	R
DEFINITELY	D	EH	F	AH	N	AH	T	L	IY
EAR	IY	R
EAR(2)	IH	R
STICK	S	T	IH	K
FINGERS	F	IH	NG	G	ER	Z
RINSE	R	IH	N	S
SHH	EH	S	EY	CH
SLOWLY	S	L	OW	L	IY
TILT	T	IH	L	T
ARM	AA	R	M
THANKS	TH	AE	NG	K	S
AM	AE	M
AM(2)	EY	EH	M
SOAKED	S	OW	K	T
WASHING	W	AA	SH	IH	NG
BELLY	B	EH	L	IY
LEAN	L	IY	N
BABY'S	B	EY	B	IY	Z
TURTLE	T	ER	T	AH	L
SPITTING	S	P	IH	T	IH	NG
SPITS	S	P	IH	T	S
CANNOT	K	AE	N	AA	T
CANNOT(2)	K	AH	N	AA	T
COMFORTABLE	K	AH	M	F	ER	T	AH	B	AH	L
STINKY	S	T	IH	NG	K	IY
BOTTOM	B	AA	T	AH	M
YA	Y	AA
TOWEL	T	AW	AH	L
TOWEL(2)	T	AW	L
WASHCLOTHS	W	AA	SH	K	L	AO	TH	S
RINSING	R	IH	N	S	IH	NG
GETS	G	EH	T	S
GETS(2)	G	IH	T	S
PART	P	AA	R	T
CARPET	K	AA	R	P	AH	T
ANIMALS	AE	N	AH	M	AH	L	Z
PEE	P	IY
SCREAM	S	K	R	IY	M
DRYING	D	R	AY	IH	NG
FINISHED	F	IH	N	IH	SH	T
SMACKING	S	M	AE	K	IH	NG
GRANDMA	G	R	AE	N	D	M	AA
BOUGHT	B	AA	T
BOUGHT(2)	B	AO	T
RUFFLY	R	AH	F	AH	L	IY
CRYBABY	K	R	AY	B	EY	B	IY
CLOSER	K	L	OW	S	ER
CLOSER(2)	K	L	OW	Z	ER
THREW	TH	R	UW
BACKWARDS	B	AE	K	W	ER	D	Z
CHASES	CH	EY	S	AH	Z
CHASES(2)	CH	EY	S	IH	Z
THROWING	TH	R	OW	IH	NG
AIM	EY	M
FAIR	F	EH	R
TIPPING	T	IH	P	IH	NG
HIGHER	HH	AY	ER
YOU'D	Y	UW	D
YOU'D(2)	Y	UH	D
FLAT	F	L	AE	T
FALLING	F	AA	L	IH	NG
BUTTON	B	AH	T	AH	N
SMACK	S	M	AE	K
WORK	W	ER	K
UPSIDE	AH	P	S	AY	D
GRAVITY	G	R	AE	V	AH	T	IY
GRAVITY(2)	G	R	AE	V	IH	T	IY
BIRD	B	ER	D
BICYCLE	B	AY	S	IH	K	AH	L
MONKEY	M	AH	NG	K	IY
HAPPENED	HH	AE	P	AH	N	D
RAN	R	AE	N
WALKING	W	AO	K	IH	NG
SOMERSAULTS	S	AH	M	ER	S	AO	L	T	S
WALKED	W	AO	K	T
BORING	B	AO	R	IH	NG
BALLOON	B	AH	L	UW	N
NEVER	N	EH	V	ER
FLYING	F	L	AY	IH	NG
SCREEN	S	K	R	IY	N
RHINOCEROS	R	AY	N	AA	S	ER	AH	S
KOALA	K	OW	AA	L	AH
GIRAFFE	JH	ER	AE	F
ELEPHANT	EH	L	AH	F	AH	N	T
FEELING	F	IY	L	IH	NG
CALM	K	AA	M
CALM(2)	K	AA	L	M
CLINKING	K	L	IH	NG	K	IH	NG
EARLY	ER	L	IY
BARNEY'S	B	AA	R	N	IY	Z
FRIENDS	F	R	EH	N	D	Z
ONCE	W	AH	N	S
NAME	N	EY	M
SIMPLY	S	IH	M	P	L	IY
OFTEN	AO	F	T	AH	N
OFTEN(2)	AO	F	AH	N
PLAYED	P	L	EY	D
SAD	S	AE	D
MET	M	EH	T
HAPPY	HH	AE	P	IY
INTRODUCED	IH	N	T	R	AH	D	UW	S	T
INTRODUCED(2)	IH	N	T	R	OW	D	UW	S	T
SOON	S	UW	N
CAME	K	EY	M
UPON	AH	P	AA	N
STEPPED	S	T	EH	P	T
JOLLY	JH	AA	L	IY
PAGE	P	EY	JH
BEATING	B	IY	T	IH	NG
DRUMS	D	R	AH	M	Z
STICKS	S	T	IH	K	S
EVERYONE	EH	V	R	IY	W	AH	N
LOOKED	L	UH	K	T
HEAVEN	HH	EH	V	AH	N
JUMPING	JH	AH	M	P	IH	NG
ROPE	R	OW	P
GREAT	G	R	EY	T
LEARNED	L	ER	N	D
LEARNED(2)	L	ER	N	IH	D
SPORT	S	P	AO	R	T
NUMBERS	N	AH	M	B	ER	Z
NINE	N	AY	N
BROWN	B	R	AW	N
HORSE	HH	AO	R	S
FROG	F	R	AA	G
BLACK	B	L	AE	K
SHEEP	SH	IY	P
GOLD	G	OW	L	D
TEACHER	T	IY	CH	ER
CHILDREN	CH	IH	L	D	R	AH	N
FUZZY	F	AH	Z	IY
BUMPY	B	AH	M	P	IY
WOOLLY	W	UH	L	IY
RECTANGLE	R	EH	K	T	AE	NG	G	AH	L
LAMBS	L	AE	M	Z
SOFT	S	AA	F	T
SOFT(2)	S	AO	F	T
ZIGGY'S	Z	IH	JH	AH	Z
ALONE	AH	L	OW	N
SHE'S	SH	IY	Z
FASTER	F	AE	S	T	ER
BABIES	B	EY	B	IY	Z
COW	K	AW
HORSIE	HH	AO	R	S	IY
DOLLS	D	AA	L	Z
YOU'LL	Y	UW	L
TRAPPED	T	R	AE	P	T
SLIPPERY	S	L	IH	P	ER	IY
SLIPPERY(2)	S	L	IH	P	R	IY
GLAD	G	L	AE	D
SHELF	SH	EH	L	F
LOTS	L	AA	T	S
LIP	L	IH	P
POOR	P	UW	R
ONE'S	W	AH	N	Z
VOLCANO	V	AA	L	K	EY	N	OW
BASKETBALLS	B	AE	S	K	AH	T	B	AO	L	Z
BRIGHT	B	R	AY	T
PIGGIE	P	IH	G	IY
MARKET	M	AA	R	K	AH	T
MARKET(2)	M	AA	R	K	IH	T
STAYED	S	T	EY	D
ROAST	R	OW	S	T
BEEF	B	IY	F
BEEN	B	IH	N
BEEN(2)	B	AH	N
HUNHUNH	HH	AH	N	HH	AH	N
BIGGER	B	IH	G	ER
ADDICTED	AH	D	IH	K	T	IH	D
CONCENTRATE	K	AA	N	S	AH	N	T	R	EY	T
LYING	L	AY	IH	NG
PICTURES	P	IH	K	CH	ER	Z
THINGIE	TH	IH	NG	IY
STICKING	S	T	IH	K	IH	NG
TALL	T	AO	L
MEAN	M	IY	N
FIGURE	F	IH	G	Y	ER
UNLESS	AH	N	L	EH	S
MEANS	M	IY	N	Z
STRETCHING	S	T	R	EH	CH	IH	NG
ODD	AA	D
BIRTHDAY	B	ER	TH	D	EY
PLANTS	P	L	AE	N	T	S
TULIPS	T	UW	L	IH	P	S
BECAUSE	B	IH	K	AO	Z
BECAUSE(2)	B	IH	K	AH	Z
BECAUSE(3)	B	IH	K	AA	Z
ALWAYS	AO	L	W	EY	Z
ALWAYS(2)	AO	L	W	IY	Z
BONY	B	OW	N	IY
BUBBLY	B	AH	B	L	IY
BUBBLY(2)	B	AH	B	AH	L	IY
BUBBLE	B	AH	B	AH	L
PAJAMAS	P	AH	JH	AA	M	AH	Z
PAJAMAS(2)	P	AH	JH	AE	M	AH	Z
MYSELF	M	AY	S	EH	L	F
SEEK	S	IY	K
PEEK	P	IY	K
STARS	S	T	AA	R	Z
NIGHT	N	AY	T
COUNT	K	AW	N	T
BEDTIME	B	EH	D	T	AY	M
STORY	S	T	AO	R	IY
COZY	K	OW	Z	IY
DREAMS	D	R	IY	M	Z
UNUSUAL	AH	N	Y	UW	ZH	UW	AH	L
UNUSUAL(2)	AH	N	Y	UW	ZH	W	AH	L
GROWLING	G	R	OW	L	IH	NG
DRUMMING	D	R	AH	M	IH	NG
DRUM	D	R	AH	M
DUM	D	AH	M
DITTY	D	IH	T	IY
RINGS	R	IH	NG	Z
THUMBS	TH	AH	M	Z
MONKEYS	M	AH	NG	K	IY	Z
HUM	HH	AH	M
PICKS	P	IH	K	S
PLUM	P	L	AH	M
HANDKERCHIEFS	HH	AE	NG	K	ER	CH	AH	F	S
HANDKERCHIEFS(2)	HH	AE	NG	K	ER	CH	IY	F	S
JACK	JH	AE	K
JAKE	JH	EY	K
BANJO	B	AE	N	JH	OW
STRUM	S	T	R	AH	M
FIDDLES	F	IH	D	AH	L	Z
MILLIONS	M	IH	L	Y	AH	N	Z
STRANGE	S	T	R	EY	N	JH
MAKES	M	EY	K	S
FELLOW	F	EH	L	OW
BUG	B	AH	G
BIKE	B	AY	K
ALIKE	AH	L	AY	K
MICE	M	AY	S
MACHINES	M	AH	SH	IY	N	Z
STRINGS	S	T	R	IH	NG	Z
ELEPHANTS	EH	L	AH	F	AH	N	T	S
TEAPOT	T	IY	P	AA	T
HEART	HH	AA	R	T
MOON	M	UW	N
LADDER	L	AE	D	ER
BROOM	B	R	UW	M
BRUSH	B	R	AH	SH
COMB	K	OW	M
SHIPS	SH	IH	P	S
DRIPS	D	R	IH	P	S
PEANUTS	P	IY	N	AH	T	S
PINEAPPLES	P	AY	N	AE	P	AH	L	Z
NOSES	N	OW	Z	IH	Z
GRAPES	G	R	EY	P	S
GEORGE	JH	AO	R	JH
SMOKE	S	M	OW	K
MARSHMALLOWS	M	AA	R	SH	M	EH	L	OW	Z
FIRES	F	AY	ER	Z
FIRES(2)	F	AY	R	Z
MOUNTAINS	M	AW	N	T	AH	N	Z
ROOSTERS	R	UW	S	T	ER	Z
HORSES	HH	AO	R	S	AH	Z
HORSES(2)	HH	AO	R	S	IH	Z
TIRES	T	AY	ER	Z
CAMELS	K	AE	M	AH	L	Z
BEES	B	IY	Z
WONDERFUL	W	AH	N	D	ER	F	AH	L
KEYS	K	IY	Z
SPIDER	S	P	AY	D	ER
WEBS	W	EH	B	Z
SPEAKING	S	P	IY	K	IH	NG
SUPPOSE	S	AH	P	OW	Z
BLOCK	B	L	AA	K
GARDEN	G	AA	R	D	AH	N
HOSE	HH	OW	Z
MIGHT	M	AY	T
PIG	P	IH	G
OWLS	AW	L	Z
KINDA	K	IH	N	D	AH
TROMBONE	T	R	AA	M	B	OW	N
CANDLES	K	AE	N	D	AH	L	Z
WHALE	W	EY	L
WHALE(2)	HH	W	EY	L
FROGGIE	F	R	AA	G	IY
FISHIES	F	IH	SH	IY	Z
HAMMER	HH	AE	M	ER
TREE	T	R	IY
CHARACTERS	K	AE	R	IH	K	T	ER	Z
CHARACTERS(2)	K	EH	R	IH	K	T	ER	Z
MISS	M	IH	S
ELLIS	EH	L	IH	S
ELMO	EH	L	M	OW
ERNIE	ER	N	IY
GROVER	G	R	OW	V	ER
BERT	B	ER	T
OSCAR	AO	S	K	ER
MUPPETS	M	AH	P	IH	T	S
JOEY	JH	OW	IY
AH	AA
SUN	S	AH	N
ENJOYING	EH	N	JH	OY	IH	NG
BIRDIE	B	ER	D	IY
CRINKLING	K	R	IH	NG	K	AH	L	IH	NG
BUNNY	B	AH	N	IY
HIDING	HH	AY	D	IH	NG
SAM	S	AE	M
HALEY'S	HH	EY	L	IY	Z
WHINY	W	AY	N	IY
WHINY(2)	HH	W	AY	N	IY
FILL	F	IH	L
BRUISE	B	R	UW	Z
NEEDS	N	IY	D	Z
ENVELOPE	EH	N	V	AH	L	OW	P
MESSAGES	M	EH	S	AH	JH	AH	Z
MESSAGES(2)	M	EH	S	IH	JH	IH	Z
SQUEAKY	S	K	W	IY	K	IY
TEDDY	T	EH	D	IY
STOPS	S	T	AA	P	S
CUTIE	K	Y	UW	T	IY
TALKATIVE	T	AO	K	AH	T	IH	V
EDGE	EH	JH
COUCH	K	AW	CH
FLOOR	F	L	AO	R
CARBONATION	K	AA	R	B	AH	N	EY	SH	AH	N
EYES	AY	Z
CORD	K	AO	R	D
ALLOWED	AH	L	AW	D
KISS	K	IH	S
LAST	L	AE	S	T
DIAPIE	D	AY	AH	P	AY
FAT	F	AE	T
SERIOUS	S	IH	R	IY	AH	S
CHANGING	CH	EY	N	JH	IH	NG
GRAB	G	R	AE	B
ATTACHED	AH	T	AE	CH	T
ATTACHES	AH	T	AE	CH	IH	Z
REST	R	EH	S	T
ZIPPED	Z	IH	P	T
TASTE	T	EY	S	T
END	EH	N	D
FEELS	F	IY	L	Z
TEETH	T	IY	TH
LOCKING	L	AA	K	IH	NG
CRYING	K	R	AY	IH	NG
WASHED	W	AA	SH	T
AWFUL	AA	F	AH	L
AWFUL(2)	AO	F	AH	L
NIGHTIE	N	AY	T	IY
LIVE	L	AY	V
LIVE(2)	L	IH	V
MAY	M	EY
COOK	K	UH	K
HEALTHY	HH	EH	L	TH	IY
ALREADY	AO	L	R	EH	D	IY
ALREADY(2)	AO	R	EH	D	IY
HAVEN'T	HH	AE	V	AH	N	T
HAVEN'T(2)	HH	AE	V	AH	N
EATEN	IY	T	AH	N
REFRIGERATOR	R	AH	F	R	IH	JH	ER	EY	T	ER
REFRIGERATOR(2)	R	IH	F	R	IH	JH	ER	EY	T	ER
WEIRD	W	IH	R	D
PORCH	P	AO	R	CH
FINISH	F	IH	N	IH	SH
SHALL	SH	AE	L
WHERE'D	W	EH	R	D
WHERE'D(2)	HH	W	EH	R	D
SPRAY	S	P	R	EY
HORSIES	HH	AO	R	S	IY	Z
SWEATER	S	W	EH	T	ER
SHOW	SH	OW
SORT	S	AO	R	T
YESTERDAY	Y	EH	S	T	ER	D	EY
YESTERDAY(2)	Y	EH	S	T	ER	D	IY
WORSE	W	ER	S
BASEBALL	B	EY	S	B	AO	L
COWS	K	AW	Z
FUSS	F	AH	S
LONG	L	AO	NG
STROLLER	S	T	R	OW	L	ER
MEGA	M	EH	G	AH
STRAWBERRY	S	T	R	AO	B	EH	R	IY
ALTHOUGH	AO	L	DH	OW
WALKIE	W	AO	K	IY
BUSHES	B	UH	SH	AH	Z
SPEND	S	P	EH	N	D
DUMB	D	AH	M
KEEPING	K	IY	P	IH	NG
WILLOW	W	IH	L	OW
BALD	B	AO	L	D
SMELL	S	M	EH	L
BEER	B	IH	R
GROWING	G	R	OW	IH	NG
RUBBING	R	AH	B	IH	NG
THIRTY	TH	ER	D	IY
TOMORROW'S	T	AH	M	AA	R	OW	Z
TOMORROW'S(2)	T	UW	M	AA	R	OW	Z
SATURDAY	S	AE	T	ER	D	IY
SATURDAY(2)	S	AE	T	IH	D	EY
RIDE	R	AY	D
SEVERAL	S	EH	V	ER	AH	L
WEEKS	W	IY	K	S
FENCE	F	EH	N	S
STOP	S	T	AA	P
MMMING	M	IH	NG
LOUDER	L	AW	D	ER
ROCK	R	AA	K
ROCKS	R	AA	K	S
FURTHER	F	ER	DH	ER
HILL	HH	IH	L
SUSIE	S	UW	Z	IY
NAPPING	N	AE	P	IH	NG
DARN	D	AA	R	N
WAKE	W	EY	K
TRUCK	T	R	AH	K
DOCTOR	D	AA	K	T	ER
DOCTOR(2)	D	AO	K	T	ER
EVERY	EH	V	ER	IY
EVERY(2)	EH	V	R	IY
STIMULATED	S	T	IH	M	Y	AH	L	EY	T	AH	D
STIMULATED(2)	S	T	IH	M	Y	AH	L	EY	T	IH	D
HARDER	HH	AA	R	D	ER
BOUNCY	B	AW	N	S	IY
LOOKA	L	UH	K	AH
MOSS	M	AO	S
PRICKLY	P	R	IH	K	L	IY
PUDDLE	P	AH	D	AH	L
TREES	T	R	IY	Z
PLANT	P	L	AE	N	T
MUD	M	AH	D
SHOE'S	SH	UW	Z
WATERFALL	W	AO	T	ER	F	AO	L
CREEK	K	R	IY	K
LETTERS	L	EH	T	ER	Z
BERRIES	B	EH	R	IY	Z
FIX	F	IH	K	S
COOL	K	UW	L
BLENDS	B	L	EH	N	D	Z
TRADE	T	R	EY	D
BLOOMING	B	L	UW	M	IH	NG
BLOOM	B	L	UW	M
RAILROAD	R	EY	L	R	OW	D
TRACK	T	R	AE	K
BROUGHT	B	R	AO	T
BLOCKED	B	L	AA	K	T
JEEZ	JH	IY	Z
HERE'RE	HH	IH	ER	R
DAFFODILS	D	AE	F	AH	D	IH	L	Z
NEATO	N	IY	T	OW
CLUMPS	K	L	AH	M	P	S
BUSH	B	UH	SH
SMELLS	S	M	EH	L	Z
SOMEWHAT	S	AH	M	W	AH	T
SOMEWHAT(2)	S	AH	M	HH	W	AH	T
HONEYSUCKLE	HH	AH	N	IY	S	AH	K	AH	L
CRICKETS	K	R	IH	K	IH	T	S
BOAT	B	OW	T
DODGE	D	AA	JH
VIPER	V	AY	P	ER
NASTY	N	AE	S	T	IY
BARK	B	AA	R	K
LOST	L	AO	S	T
GRAVEL	G	R	AE	V	AH	L
NUTRITIOUS	N	UW	T	R	IH	SH	AH	S
UPHILL	AH	P	HH	IH	L
ROLL	R	OW	L
MEOW	M	IY	AW
HAILEY	HH	EY	L	IY
LIGHTS	L	AY	T	S
PASTA	P	AA	S	T	AH
LIKES	L	AY	K	S
EATER	IY	T	ER
MHM	AH	M	HH	AH	M
MIND	M	AY	N	D
APPLESES	AE	P	AH	L	Z	IH	Z
WAITING	W	EY	T	IH	NG
WORD	W	ER	D
SPAGHETTI	S	P	AH	G	EH	T	IY
SAUCE	S	AO	S
BREATHE	B	R	IY	DH
TEASING	T	IY	Z	IH	NG
YOURS	Y	UH	R	Z
YOURS(2)	Y	AO	R	Z
YOURS(3)	Y	ER	Z
TISSUE	T	IH	S	Y	UW
TISSUE(2)	T	IH	SH	UW
ROUGH	R	AH	F
MAGAZINE	M	AE	G	AH	Z	IY	N
MOVED	M	UW	V	D
MAGAZINES	M	AE	G	AH	Z	IY	N	Z
COULDN'T	K	UH	D	AH	N	T
COULDN'T(2)	K	UH	D	AH	N
HANG	HH	AE	NG
COFFEE	K	AA	F	IY
COFFEE(2)	K	AO	F	IY
STAYING	S	T	EY	IH	NG
JACKET	JH	AE	K	AH	T
JACKET(2)	JH	AE	K	IH	T
KNOWS	N	OW	Z
SUNGLASSES	S	AH	N	G	L	AE	S	IH	Z
BLANKET	B	L	AE	NG	K	AH	T
BLANKET(2)	B	L	AE	NG	K	IH	T
LEGS	L	EH	G	Z
PULLING	P	UH	L	IH	NG
UNBUCKLED	AH	N	B	AH	K	AH	L	D
EMPTY	EH	M	P	T	IY
EMPTY(2)	EH	M	T	IY
LAWN	L	AO	N
MOWER	M	OW	ER
DANDELION	D	AE	N	D	AH	L	AY	AH	N
VINES	V	AY	N	Z
SWIMMING	S	W	IH	M	IH	NG
STRIPE	S	T	R	AY	P
DEER	D	IH	R
TRACKS	T	R	AE	K	S
SWIM	S	W	IH	M
GRASS	G	R	AE	S
COVER	K	AH	V	ER
CRUSH	K	R	AH	SH
FLOWER'S	F	L	AW	ER	Z
GIGANTIC	JH	AY	G	AE	N	T	IH	K
GIGANTIC(2)	JH	AY	G	AE	N	IH	K
LOG	L	AO	G
MASSIVE	M	AE	S	IH	V
YARD	Y	AA	R	D
TOUCH	T	AH	CH
MUDDY	M	AH	D	IY
SHOWER	SH	AW	ER
LOWER	L	OW	ER
DAFFODIL	D	AE	F	AH	D	IH	L
HOSTAS	HH	AA	S	T	AH	Z
TEAR	T	EH	R
TEAR(2)	T	IH	R
RIP	R	IH	P
WEEDS	W	IY	D	Z
CHASING	CH	EY	S	IH	NG
SHUTTING	SH	AH	T	IH	NG
BIBS	B	IH	B	Z
NAKED	N	EY	K	AH	D
SUDDEN	S	AH	D	AH	N
MEANIE	M	IY	N	IY
GOSH	G	AA	SH
ALICE'S	AE	L	IH	S	AH	Z
SHAKING	SH	EY	K	IH	NG
MARK	M	AA	R	K
MKAY	M	K	EY	IY
GROSS	G	R	OW	S
EXPECTING	IH	K	S	P	EH	K	T	IH	NG
STRAWBERRIES	S	T	R	AO	B	EH	R	IY	Z
COVERED	K	AH	V	ER	D
NOODLES	N	UW	D	AH	L	Z
LEMME	L	EH	M	AH
BOOST	B	UW	S	T
DRAIN	D	R	EY	N
PLUG	P	L	AH	G
HIGH	HH	AY
FREE	F	R	IY
REMEMBERED	R	IH	M	EH	M	B	ER	D
REMEMBERED(2)	R	IY	M	EH	M	B	ER	D
DUCKS	D	AH	K	S
NOTHING	N	AH	TH	IH	NG
DRIES	D	R	AY	Z
AIR	EH	R
LOTION	L	OW	SH	AH	N
SHOULDER	SH	OW	L	D	ER
BITTY	B	IH	T	IY
UPPIE	AH	P	IY
BUMP	B	AH	M	P
PATTYCAKE	P	AE	T	IY	K	EY	K
BAKER'S	B	EY	K	ER	Z
BAKE	B	EY	K
PAN	P	AE	N
ANYTIME	EH	N	IY	T	AY	M
MORNING	M	AO	R	N	IH	NG
SHAMPOO	SH	AE	M	P	UW
RELAXING	R	IH	L	AE	K	S	IH	NG
RELAXING(2)	R	IY	L	AE	K	S	IH	NG
SMART	S	M	AA	R	T
FORK	F	AO	R	K
PERFECT	P	ER	F	EH	K	T
PERFECT(2)	P	ER	F	IH	K	T
FEED	F	IY	D
REASON	R	IY	Z	AH	N
CLEANING	K	L	IY	N	IH	NG
CATCHES	K	AE	CH	IH	Z
CRUMBS	K	R	AH	M	Z
ALSO	AO	L	S	OW
UTENSILS	Y	UW	T	EH	N	S	AH	L	Z
STICKY	S	T	IH	K	IY
ELBOWS	EH	L	B	OW	Z
SUNBURN	S	AH	N	B	ER	N
PET	P	EH	T
HEADING	HH	EH	D	IH	NG
CAREENING	K	ER	IY	N	IH	NG
IMAGINING	IH	M	AE	JH	AH	N	IH	NG
DOGS	D	AA	G	Z
DOGS(2)	D	AO	G	Z
DAD	D	AE	D
KATIE	K	EY	T	IY
ANYBODY	EH	N	IY	B	AH	D	IY
AGE	EY	JH
BRITTNEY	B	R	IH	T	N	IY
TATTOOS	T	AE	T	UW	Z
TOLD	T	OW	L	D
SHADE	SH	EY	D
SWEATY	S	W	EH	T	IY
FRONT	F	R	AH	N	T
SUNNY	S	AH	N	IY
SHADY	SH	EY	D	IY
STINK	S	T	IH	NG	K
SHORTS	SH	AO	R	T	S
PUZZLE	P	AH	Z	AH	L
INCREDIBLY	IH	N	K	R	EH	D	AH	B	L	IY
BOOBOO	B	UW	B	UW
WAGON	W	AE	G	AH	N
SKY	S	K	AY
SCRATCH	S	K	R	AE	CH
SLIDING	S	L	AY	D	IH	NG
GARBAGE	G	AA	R	B	IH	JH
MUSHROOMS	M	AH	SH	R	UW	M	Z
BRAT	B	R	AE	T
MUSHROOM	M	AH	SH	R	UW	M
BONNET	B	AA	N	AH	T
POTTIE	P	OW	T	IY
CLEVER	K	L	EH	V	ER
SCARED	S	K	EH	R	D
POPPY	P	AA	P	IY
GRANDMA'S	G	R	AE	N	D	M	AA	Z
WEARS	W	EH	R	Z
CRIB	K	R	IH	B
TIMES	T	AY	M	Z
QUACK	K	W	AE	K
WOOF	W	UW	F
LOT	L	AA	T
LOT(2)	L	AO	T
HOP	HH	AA	P
HOPING	HH	OW	P	IH	NG
HOPPY	HH	AO	P	IY
NOAH'S	N	OW	AH	Z
ARK	AA	R	K
GIANT	JH	AY	AH	N	T
STORM	S	T	AO	R	M
NOAH	N	OW	AH
CREATURES	K	R	IY	CH	ER	Z
CREATURE	K	R	IY	CH	ER
OCTOPI	AA	K	T	AH	P	AY
PENGUINS	P	EH	NG	G	W	AH	N	Z
BATS	B	AE	T	S
GOATS	G	OW	T	S
BUGS	B	AH	G	Z
SQUAWKY	S	K	W	AO	K	IY
HURRY	HH	ER	IY
OCEAN	OW	SH	AH	N
SEES	S	IY	Z
PUTS	P	UH	T	S
SNOW	S	N	OW
SNOWBALLS	S	N	OW	B	AO	L	Z
CAVE	K	EY	V
HANGING	HH	AE	NG	IH	NG
HANGING(2)	HH	AE	NG	G	IH	NG
SLEEPY	S	L	IY	P	IY
MOUNTAIN	M	AW	N	T	AH	N
FOREST	F	AO	R	AH	S	T
FOREST(2)	F	AO	R	IH	S	T
BEARS	B	EH	R	Z
CLIMBS	K	L	AY	M	Z
TALLEST	T	AO	L	IH	S	T
HONEY	HH	AH	N	IY
FINDS	F	AY	N	D	Z
BUZZ	B	AH	Z
DESERT	D	EH	Z	ER	T
DESERT(2)	D	IH	Z	ER	T
SAND	S	AE	N	D
JUNGLE	JH	AH	NG	G	AH	L
ZEBRAS	Z	IY	B	R	AH	Z
TIGERS	T	AY	G	ER	Z
LIONS	L	AY	AH	N	Z
HIPPOPOTAMUS	HH	IH	P	AH	P	AA	T	AH	M	AH	S
LION	L	AY	AH	N
KING	K	IH	NG
STARTS	S	T	AA	R	T	S
RAINBOW	R	EY	N	B	OW
CROSSES	K	R	AO	S	IH	Z
CHEER	CH	IH	R
EVERYBODY	EH	V	R	IY	B	AA	D	IY
PARROT	P	EH	R	AH	T
OCTOPUS	AA	K	T	AH	P	UH	S
CRAB	K	R	AE	B
SNAIL	S	N	EY	L
PENGUIN	P	EH	NG	G	W	AH	N
SNOWMEN	S	N	OW	M	EH	N
BAT	B	AE	T
NOISES	N	OY	Z	IH	Z
OINK	OY	NG	K
MOO	M	UW
BAA	B	AA
PIGS	P	IH	G	Z
LA	L	AA
RHINOCEROSES	R	AY	N	AA	S	AH	R	AH	S	IH	Z
SNORT	S	N	AO	R	T
SNUFF	S	N	AH	F
NEIGH	N	EY
QUIET	K	W	AY	AH	T
BLEW	B	L	UW
FIELD	F	IY	L	D
THIN	TH	IH	N
SILKY	S	IH	L	K	IY
THREAD	TH	R	EH	D
TRAILED	T	R	EY	L	D
BODY	B	AA	D	IY
LANDED	L	AE	N	D	AH	D
LANDED(2)	L	AE	N	D	IH	D
POST	P	OW	S	T
NEAR	N	IH	R
FARMYARD	F	AA	R	M	Y	AA	R	D
BEGAN	B	IH	G	AE	N
BEGAN(2)	B	IY	G	AE	N
ANSWER	AE	N	S	ER
SPINNING	S	P	IH	N	IH	NG
WEB	W	EH	B
BLEATED	B	L	IY	T	IH	D
MEADOW	M	EH	D	OW
GOAT	G	OW	T
GRUNTED	G	R	AH	N	T	IH	D
BARKED	B	AA	R	K	T
CRIED	K	R	AY	D
CALLED	K	AO	L	D
CROWED	K	R	OW	D
ROOSTER	R	UW	S	T	ER
PESKY	P	EH	S	K	IY
FLY	F	L	AY
ASKED	AE	S	K	T
ASKED(2)	AE	S	T
OWL	AW	L
BUILDED	B	IH	L	D	IH	D
BEAUTIFUL	B	Y	UW	T	AH	F	AH	L
FALLEN	F	AA	L	AH	N
CLOUD	K	L	AW	D
CHIHUAHUA	CH	AH	W	AA	W	AA
CHIHUAHUA(2)	CH	IY	W	AA	W	AH
THANK	TH	AE	NG	K
GOTCHA	G	AA	CH	AH
CUPS	K	AH	P	S
CAREFUL	K	EH	R	F	AH	L
POP	P	AA	P
WHEEL	W	IY	L
WHEEL(2)	HH	W	IY	L
GUY	G	AY
SANDALS	S	AE	N	D	AH	L	Z
COURSE	K	AO	R	S
SLEEPING	S	L	IY	P	IH	NG
POOH	P	UW
HAYLEY	HH	EY	L	IY
BURNT	B	ER	N	T
SEEM	S	IY	M
TULIP	T	UW	L	IH	P
RID	R	IH	D
PEONY	P	IY	AH	N	IY
TWEET	T	W	IY	T
LETTING	L	EH	T	IH	NG
KNEE	N	IY
TOUCHED	T	AH	CH	T
FOLLOWING	F	AA	L	OW	IH	NG
HOW'S	HH	AW	Z
BLOWING	B	L	OW	IH	NG
SPIT	S	P	IH	T
DAMP	D	AE	M	P
FIXING	F	IH	K	S	IH	NG
CURTAIN	K	ER	T	AH	N
BEEP	B	IY	P
FRUSTRATED	F	R	AH	S	T	R	EY	T	AH	D
SHAKY	SH	EY	K	IY
PIANO	P	IY	AE	N	OW
PIANO(2)	P	IY	AE	N	AH
ERNIE'S	ER	N	IY	Z
UNCLE	AH	NG	K	AH	L
JAMES	JH	EY	M	Z
MICKEY	M	IH	K	IY
TICKLED	T	IH	K	AH	L	D
EASY	IY	Z	IY
SHELBY	SH	EH	L	B	IY
MEEKO	M	IY	K	OW
CAMERA	K	AE	M	ER	AH
CAMERA(2)	K	AE	M	R	AH
BULL	B	UH	L
DUCKIES	D	AH	K	IH	Z
DOGGIES	D	AO	G	IY	Z
DUSTY	D	AH	S	T	IY
SUZY	S	UW	Z	IY
HICCUPS	HH	IH	K	AH	P	S
AIRPLANE	EH	R	P	L	EY	N
LILIES	L	IH	L	IY	Z
GNAT	N	AE	T
SOMEWHERE	S	AH	M	W	EH	R
SWING	S	W	IH	NG
GIMME	G	IH	M	IY
STRONG	S	T	R	AO	NG
LISTENING	L	IH	S	AH	N	IH	NG
LISTENING(2)	L	IH	S	N	IH	NG
INDIANS	IH	N	D	IY	AH	N	Z
RAISIN	R	EY	Z	IH	N
FINGERNAILS	F	IH	NG	G	ER	N	EY	L	Z
BLUEBERRIES	B	L	UW	B	EH	R	IY	Z
PANCAKES	P	AE	N	K	EY	K	S
THANKING	TH	AE	NG	K	IH	NG
EW	Y	UW
JUNE'S	JH	UW	N	Z
JUNE	JH	UW	N
SPARKY	S	P	AA	R	K	IY
ZACH	Z	AE	K
BACKYARD	B	AE	K	Y	AA	R	D
DRIVING	D	R	AY	V	IH	NG
RANGE	R	EY	N	JH
NANA	N	AE	N	AH
DEAD	D	EH	D
PEONIES	P	IY	AH	N	IY	Z
DYING	D	AY	IH	NG
SPRUCE	S	P	R	UW	S
LILY	L	IH	L	IY
PETAL	P	EH	T	AH	L
VINE	V	AY	N
WEEKEND	W	IY	K	EH	N	D
WEEKEND(2)	W	IY	K	IH	N	D
CRAWLING	K	R	AO	L	IH	NG
SLIDE	S	L	AY	D
BREATH	B	R	EH	TH
MAIL	M	EY	L
MAILBOX	M	EY	L	B	AA	K	S
CATALOGUE	K	AE	T	AH	L	AO	G
SPECIAL	S	P	EH	SH	AH	L
LIVES	L	IH	V	Z
LIVES(2)	L	AY	V	Z
HABIT	HH	AE	B	AH	T
FISHIE	F	IH	SH	IY